Please append your name/nick here when you have contributed with something!

Erik Westrup <erik.westrup@gmail.com>
Suvash Thapaliya <suvash@gmail.com>
Erik Jansson <erikjansson90@gmail.com>
Yuku Takahashi <taka84u9@gmail.com>
Oscar Olsson <osse.olsson@gmail.com>
Ryo Katsuma
negipo
Sina Siadat
Vivien Leroy <fantattitude@me.com>
Gino Lucero
Derek Ashley Thomas <derekathomas@gmail.com>
LuRsT
Tomokazu Hirai <tomokazu.hirai@gmail.com>
Matt Black
krieiter
Viktor Jackson
flytreeleft <flytreeleft@126.com>
Conner McDaniel
David Francos <me@davidfrancos.net>
Travis Thompson <butters08@gmail.com>
Jonathon Klobucar
Dylan Copeland <me@dylancopeland.com>
Pete Johns <paj-github@johnsy.com>
Robert Murray McMahon
Jeff Felchner
tobetoby
Matthew Lanigan
Hadret <hadret@gmail.com>
antiAgainst <antiAgainst@gmail.com>
Alexander Luberg <alex@luberg.me>
Stanislaw Pusep <stas@sysd.org>
Austin Beam
Ingo Heimbach
MSempere
kurczynski
Alejandro Espinosa (Halbard) <alejosp493@gmail.com>
TN Khanh <tnkhanh4@gmail.com>
Skywarth <yigitk.ersoy@gmail.com>
Drew Daniels <daniels_drew@protonmail.com>
Danfeng Shan <shandanf@gmail.com>
Abraham Nuñez <abrahamnm@gmail.com>
Gavin Kondrath <gavin.kondrath@gmail.com>
Izzy Gomez <izzygmit@gmail.com>
Christian Reiniger <creinig@creinig.de>
Fabian 'xx4h' Sylvester <xx4h@xx4h.de>
